Row_ID,Brand,Model,Battery,km_of_range,0-100,Top_Speed,Range,Efficiency,Fastcharge,Germany_price_before_incentives,Netherlands_price_before_incentives,UK_price_after_incentives,Drive_Configuration,Tow_Hitch,Towing_capacity_in_kg,Number_of_seats,Estimated_US_Value
1,TESLA,Model 3,57.5,104,6.1,201,415,139,690,41970,41990,39990,Rear Wheel Drive,Towbar possible,1000,5,49827
2,TESLA,Model Y,57.5,137,6.9,217,350,164,580,45970,45990,44990,Rear Wheel Drive,Towbar possible,1600,5,56057
3,TESLA,Model Y Long Range Dual Motor,75.0,130,5.0,217,435,172,670,55970,52990,52990,All Wheel Drive,Towbar possible,1600,5,66025
4,TESLA,Model 3 Long Range Dual Motor,75.0,106,4.4,201,500,150,770,50970,49990,49990,All Wheel Drive,Towbar possible,1000,5,62287
5,TESLA,Model Y Long Range RWD,75.0,109,5.9,217,460,163,710,49970,49990,0,Rear Wheel Drive,Towbar possible,1600,5,27927
6,BYD,ATTO 3,60.5,121,7.3,160,330,183,370,37990,38990,37195,Front Wheel Drive,Towbar not possible,0,5,46344
7,MG,MG4 Electric 64 kWh,61.7,102,7.9,160,360,171,630,39990,35785,29495,Rear Wheel Drive,Towbar possible,500,5,36750
8,BYD,SEAL 82.5 kWh AWD Excellence,82.5,107,3.8,180,490,168,540,50990,50990,48695,All Wheel Drive,Towbar not possible,0,5,60673
9,TESLA,Model Y Performance,75.0,152,3.8,250,415,181,640,60790,58990,59990,All Wheel Drive,Towbar possible,1600,5,74747
10,BMW,i4 eDrive40,80.7,122,5.7,190,515,157,800,59200,62992,57890,Rear Wheel Drive,Towbar possible,1600,5,72130
11,CITROEN,e-C3,44.0,90,11.0,135,265,166,340,23300,24290,21000,Front Wheel Drive,Towbar possible,550,5,26166
12,BMW,iX xDrive40,71.0,225,6.1,200,360,197,480,77300,84998,69905,All Wheel Drive,Towbar possible,2500,5,87101
13,VOLKSWAGEN,ID.4 Pro,77.0,114,6.7,180,435,177,650,46335,49990,46035,Rear Wheel Drive,Towbar possible,1000,5,57359
14,BYD,DOLPHIN 60.4 kWh,60.5,101,7.0,160,340,178,340,32990,35490,30195,Front Wheel Drive,Towbar possible,0,5,37622
15,VOLVO,EX30 Single Motor ER,64.0,118,5.3,180,360,178,600,41790,41495,38545,Rear Wheel Drive,Towbar possible,1400,5,48027
16,TESLA,Model S Plaid,95.0,199,2.3,282,560,170,780,110970,108990,100000,All Wheel Drive,Towbar possible,1600,5,124600
17,TESLA,Model S Dual Motor,95.0,167,3.2,250,575,165,800,95970,93990,85000,All Wheel Drive,Towbar possible,1600,5,105910
18,KIA,Niro EV,64.8,111,7.8,167,385,168,390,45690,39995,37295,Front Wheel Drive,Towbar possible,750,5,46469
19,HYUNDAI,Kona Electric 65 kWh,65.4,116,7.8,170,390,168,400,47190,43995,38595,Front Wheel Drive,Towbar possible,750,5,48089
20,TESLA,Model 3 Performance,75.0,135,3.2,262,455,165,700,57970,56990,59990,All Wheel Drive,Towbar not possible,0,5,74747
21,BYD,HAN,85.4,146,3.9,180,475,180,450,69020,69990,0,All Wheel Drive,Towbar not possible,0,5,39100
22,CUPRA,Born 150 kW - 58 kWh,58.0,113,7.3,160,350,166,470,39370,36939,36475,Rear Wheel Drive,Towbar not possible,0,5,45447
23,FIAT,500e Hatchback 42 kWh,37.3,149,9.0,150,235,159,390,34990,34490,31195,Front Wheel Drive,Towbar not possible,0,4,38868
24,BYD,SEAL 82.5 kWh RWD Design,82.5,96,5.9,180,500,165,550,44990,45990,45695,Rear Wheel Drive,Towbar not possible,0,5,56935
25,BYD,TANG,86.4,199,4.6,180,355,243,420,71400,69990,0,All Wheel Drive,Towbar possible,1500,7,39100
26,DACIA,Spring Electric 45,25.0,137,19.1,125,165,152,180,22550,0,0,Front Wheel Drive,Towbar not possible,0,4,23903
27,RENAULT,Scenic E-Tech EV87 220hp,87.0,98,7.9,170,490,178,510,48900,47970,40995,Front Wheel Drive,Towbar possible,1100,5,51079
28,BMW,iX3,74.0,184,6.8,180,385,192,520,67300,71462,64165,Rear Wheel Drive,Towbar possible,750,5,79949
29,BMW,iX1 xDrive30,64.7,147,5.6,180,380,170,510,55000,57850,47465,All Wheel Drive,Towbar possible,1200,5,59141
30,TESLA,Model Y,57.5,137,6.9,217,350,164,810,45970,45990,44990,Rear Wheel Drive,Towbar possible,1600,5,56057
31,SKODA,Enyaq 85,77.0,111,6.7,180,450,171,670,48900,49990,44540,Rear Wheel Drive,Towbar possible,1000,5,55496
32,NIO,ET7 75 kWh,70.5,208,3.8,200,400,176,600,81900,84900,0,All Wheel Drive,Towbar possible,2000,5,47430
33,AUDI,Q6 e-tron quattro,94.9,170,5.9,210,460,206,920,74700,80000,68975,All Wheel Drive,Towbar possible,2400,5,85942
34,BYD,SEAL U 71.8 kWh Comfort,71.8,126,9.3,175,340,211,320,0,42990,0,Front Wheel Drive,Towbar not possible,0,5,24016
35,MG,ZS EV Long Range,68.3,105,8.4,175,370,185,420,37990,40185,32995,Front Wheel Drive,Towbar possible,500,5,41111
36,TOYOTA,bZ4X FWD,64.0,144,7.5,160,340,188,510,47490,45995,46110,Front Wheel Drive,Towbar possible,750,5,57453
37,RENAULT,5 E-Tech 52kWh 150hp,52.0,97,7.5,150,330,158,420,32000,32000,28000,Front Wheel Drive,Towbar possible,500,5,34888
38,BMW,i4 M50,80.7,170,3.9,225,450,179,700,70800,76786,71085,All Wheel Drive,Towbar possible,1600,5,88571
39,RENAULT,Megane E-Tech EV60 220hp,60.0,113,7.4,160,380,158,530,46600,39370,36995,Front Wheel Drive,Towbar possible,900,5,46095
40,ROLLS-ROYCE,Spectre,102.0,828,4.5,250,465,219,540,379015,396275,330000,All Wheel Drive,Towbar not possible,0,4,411180
41,KIA,EV6 Long Range 2WD,74.0,126,7.3,185,410,180,1070,51990,50995,45245,Rear Wheel Drive,Towbar possible,1600,5,56375
42,HONDA,e:Ny1,61.9,147,7.6,160,335,185,300,47590,48750,44995,Front Wheel Drive,Towbar not possible,0,5,56063
43,VOLKSWAGEN,ID.3 Pro,58.0,122,7.3,160,350,166,450,39995,44990,37115,Rear Wheel Drive,Towbar possible,0,5,46245
44,RENAULT,Zoe ZE50 R110,52.0,114,11.4,135,315,165,230,36840,34895,0,Front Wheel Drive,Towbar not possible,0,5,19494
45,NISSAN,Leaf,39.0,144,7.9,144,235,166,230,33400,35090,28995,Front Wheel Drive,Towbar not possible,0,5,36127
46,LUCID,Air Grand Touring,112.0,196,3.0,270,665,168,840,129000,132000,0,All Wheel Drive,Towbar not possible,0,5,73743
47,HONGQI,E-HS9 99 kWh,90.0,216,4.9,200,370,243,430,0,79995,0,All Wheel Drive,Towbar possible,1500,5,44690
48,CUPRA,Born 170 kW - 77 kWh,77.0,105,7.0,160,450,171,630,46450,46989,41975,Rear Wheel Drive,Towbar not possible,0,4,52300
49,ZEEKR,001 Long Range RWD,94.0,116,7.2,200,525,179,710,60970,60490,0,Rear Wheel Drive,Towbar possible,1500,5,33793
50,HYUNDAI,IONIQ 6 Long Range 2WD,74.0,107,7.4,185,495,149,1290,54000,50895,47040,Rear Wheel Drive,Towbar possible,1500,5,58611
51,HYUNDAI,IONIQ 5 Long Range 2WD,74.0,132,7.3,185,390,190,1020,47900,52895,46945,Rear Wheel Drive,Towbar possible,1600,5,58493
52,PORSCHE,Macan 4 Electric,95.0,174,5.2,220,485,196,970,84100,88899,69800,All Wheel Drive,Towbar possible,2000,5,86970
53,BMW,i7 xDrive60,101.7,272,4.7,240,510,199,760,139900,145453,113970,All Wheel Drive,Towbar possible,2000,5,142006
54,BMW,i4 eDrive35,67.0,134,6.0,190,430,156,580,56500,59362,49995,Rear Wheel Drive,Towbar possible,1600,5,62293
55,HYUNDAI,IONIQ 5 N,80.0,194,3.4,260,385,208,950,74900,73995,65000,All Wheel Drive,Towbar not possible,0,5,80990
56,VOLKSWAGEN,ID.7 Pro,77.0,126,6.5,180,475,162,730,56995,57990,55570,Rear Wheel Drive,Towbar possible,1000,5,69240
57,MERCEDES-BENZ,EQB 250+,70.5,136,8.9,160,415,170,490,53514,54966,52800,Front Wheel Drive,Towbar possible,1400,7,65788
58,MG,MG4 Electric 51 kWh,50.8,109,7.7,160,300,169,380,34990,32285,26995,Rear Wheel Drive,Towbar possible,500,5,33635
59,AUDI,Q4 e-tron 45,77.0,132,6.7,180,420,183,630,52950,54865,50745,Rear Wheel Drive,Towbar possible,1000,5,63228
60,KIA,EV9 99.8 kWh AWD,96.0,170,6.0,200,435,221,830,76490,71495,0,All Wheel Drive,Towbar possible,2500,7,39941
61,SMART,#1 Pro+,62.0,126,6.7,180,335,185,520,42490,42935,35950,Rear Wheel Drive,Towbar possible,1600,5,44793
62,AUDI,Q8 e-tron 55 quattro,106.0,170,5.6,200,505,210,640,85300,82985,77800,All Wheel Drive,Towbar possible,1800,5,96938
63,NISSAN,Ariya 87kWh,87.0,117,7.6,160,450,193,540,58990,47990,44645,Front Wheel Drive,Towbar possible,750,5,55627
64,FORD,Mustang Mach-E ER RWD,91.0,126,7.0,180,480,190,420,58500,54400,59830,Rear Wheel Drive,Towbar possible,1500,5,74548
65,BMW,iX xDrive50,105.2,213,4.6,200,505,208,680,100100,105097,102755,All Wheel Drive,Towbar possible,2500,5,128032
66,VOLVO,EX30 Single Motor,49.0,136,5.7,180,275,178,420,36590,36795,33795,Rear Wheel Drive,Towbar possible,1000,5,42108
67,BMW,iX1 eDrive20,64.7,127,8.3,170,390,166,520,47900,48316,45465,Front Wheel Drive,Towbar possible,750,5,56649
68,HYUNDAI,IONIQ 6 Long Range AWD,74.0,135,5.1,185,440,168,1150,61100,59395,50540,All Wheel Drive,Towbar possible,1500,5,62972
69,KIA,EV6 GT,74.0,198,3.5,260,360,206,940,72990,69295,62645,All Wheel Drive,Towbar possible,1800,5,78055
70,OPEL,Astra Electric,50.8,131,9.2,170,320,159,510,41990,39999,37795,Front Wheel Drive,Towbar possible,0,5,47092
71,MERCEDES-BENZ,EQA 250,66.5,129,8.6,160,395,168,570,50777,0,0,Front Wheel Drive,Towbar possible,1500,5,53823
72,PEUGEOT,e-3008 98 kWh Long Range,98.0,111,8.9,170,510,192,660,55000,55000,52000,Front Wheel Drive,Towbar possible,1200,5,64792
73,MERCEDES-BENZ,EQS 450+,108.4,175,6.1,210,635,171,950,109551,112720,0,Rear Wheel Drive,Towbar possible,750,5,62972
74,POLESTAR,2 Long Range Single Motor,79.0,112,6.2,205,470,168,700,49975,51200,48950,Rear Wheel Drive,Towbar possible,1500,5,60991
75,PEUGEOT,e-3008 73 kWh,73.0,129,8.7,170,385,190,440,48650,48190,45850,Front Wheel Drive,Towbar possible,1250,5,57129
76,VOLKSWAGEN,ID. Buzz Pro,77.0,192,10.2,145,345,223,480,64581,66160,58915,Rear Wheel Drive,Towbar possible,1000,5,73408
77,HYUNDAI,IONIQ 5 Long Range AWD,74.0,154,5.1,185,385,192,1010,59200,60995,50445,All Wheel Drive,Towbar possible,1600,5,62854
78,JEEP,Avenger Electric,50.8,127,9.0,150,310,164,500,38500,39500,34800,Front Wheel Drive,Towbar not possible,0,5,43360
79,HYUNDAI,IONIQ 5 Standard Range 2WD,54.0,162,8.5,185,295,183,720,43900,49295,43445,Rear Wheel Drive,Towbar possible,750,5,54132
80,ZEEKR,001 Performance AWD,94.0,127,3.8,200,500,188,670,63970,63490,0,All Wheel Drive,Towbar possible,2000,5,35469
81,BMW,i5 eDrive40 Sedan,81.2,165,6.0,193,470,173,750,70200,77572,74105,Rear Wheel Drive,Towbar possible,1500,5,92334
82,CITROEN,e-C4,46.3,127,9.7,150,290,160,460,36040,37830,31995,Front Wheel Drive,Towbar not possible,0,5,39865
83,FORD,Explorer Extended Range RWD,77.0,115,6.4,180,430,179,640,49500,45950,45875,Rear Wheel Drive,Towbar possible,1000,5,57160
84,KIA,EV6 Long Range AWD,74.0,146,5.2,185,400,185,1050,55980,59995,51745,All Wheel Drive,Towbar possible,1600,5,64474
85,MAZDA,MX-30,30.0,212,9.7,140,170,176,170,35990,36440,31250,Front Wheel Drive,Towbar not possible,0,5,38937
86,ALFA ROMEO,Junior Elettrica 54 kWh Veloce,50.8,152,7.0,150,305,167,490,46000,45000,42000,Front Wheel Drive,Towbar not possible,0,5,52332
87,VOLVO,EX30 Twin Motor Performance,64.0,145,3.6,180,335,191,560,48490,49995,40995,All Wheel Drive,Towbar possible,1600,5,51079
88,MINI,Countryman E,64.7,117,8.6,170,385,168,520,43500,43490,42080,Front Wheel Drive,Towbar possible,750,5,52431
89,NIO,ET5 100 kWh,90.0,140,4.0,200,500,180,520,68500,71700,0,All Wheel Drive,Towbar possible,1400,5,40055
90,VOLKSWAGEN,ID. Buzz LWB Pro S,86.0,199,8.0,160,370,232,470,73000,73000,65000,Rear Wheel Drive,Towbar possible,0,7,80990
91,TESLA,Model X Dual Motor,95.0,226,3.9,250,475,200,660,100970,100993,105000,All Wheel Drive,Towbar possible,2250,7,130830
92,VOLKSWAGEN,ID.7 Pro S,86.0,120,7.0,180,520,165,800,60000,60000,59000,Rear Wheel Drive,Towbar not possible,0,5,73514
93,MG,MG4 Electric 77 kWh,74.4,101,6.5,180,425,175,430,45990,41285,36495,Rear Wheel Drive,Towbar possible,500,5,45472
94,DACIA,Spring Electric 45,25.0,109,19.1,125,165,152,180,18000,18950,14995,Front Wheel Drive,Towbar not possible,0,4,18683
95,MG,MG5 Electric Long Range,57.4,112,7.7,185,335,171,330,38490,38885,30995,Front Wheel Drive,Towbar possible,500,5,38619
96,KIA,EV9 99.8 kWh AWD GT-Line,96.0,193,5.3,200,425,226,810,82380,78895,73245,All Wheel Drive,Towbar possible,2500,7,91263
97,MERCEDES-BENZ,EQV 300 Long,90.0,266,12.1,160,315,286,320,79048,88626,0,Front Wheel Drive,Towbar not possible,0,7,49511
98,BYD,SEAL U 87 kWh Design,87.0,114,9.6,175,405,215,370,0,45990,0,Front Wheel Drive,Towbar not possible,0,5,25692
99,BYD,DOLPHIN 44.9 kWh Active,44.9,115,12.3,150,255,176,260,28000,29990,26000,Front Wheel Drive,Towbar not possible,0,5,32396
100,SMART,#1 Brabus,62.0,152,3.9,180,325,191,500,48990,48895,43450,All Wheel Drive,Towbar possible,1600,5,54138
101,LOTUS,Eletre,109.0,202,4.5,250,495,220,1040,96990,98690,90805,All Wheel Drive,Towbar possible,2250,5,113143
102,RENAULT,Zoe ZE50 R135,52.0,117,9.5,140,310,168,230,37840,36195,29995,Front Wheel Drive,Towbar not possible,0,5,37373
103,MAXUS,MIFA 9,84.0,197,9.2,180,365,230,420,68990,0,65290,Front Wheel Drive,Towbar possible,1000,7,81351
104,LEXUS,RZ 450e,64.0,218,5.6,160,320,200,480,68000,67495,64500,All Wheel Drive,Towbar possible,750,5,80367
105,MERCEDES-BENZ,EQE 350+,90.6,155,6.4,210,530,171,790,0,82028,0,Rear Wheel Drive,Towbar possible,750,5,45825
106,BMW,i5 M60 xDrive Sedan,81.2,254,3.8,230,420,193,670,99500,108427,97745,All Wheel Drive,Towbar possible,2000,5,121790
107,CUPRA,Tavascan VZ,77.0,141,5.6,180,430,179,640,58000,60000,55000,All Wheel Drive,Towbar not possible,0,5,68530
108,XPENG,G9 RWD Standard Range,75.8,148,6.4,200,395,192,830,57600,59188,0,Rear Wheel Drive,Towbar possible,1500,5,33065
109,SUBARU,Solterra AWD,64.0,179,6.9,160,320,200,480,57490,56395,49995,All Wheel Drive,Towbar possible,750,5,62293
110,XPENG,G6 RWD Long Range,87.5,102,6.7,200,490,179,980,50000,50000,0,Rear Wheel Drive,Towbar possible,0,5,27933
111,MINI,Cooper SE,49.8,126,6.7,170,305,163,440,36900,38990,34500,Front Wheel Drive,Towbar not possible,0,4,42987
112,HYUNDAI,IONIQ 6 Standard Range 2WD,54.0,123,8.8,185,365,148,900,43900,45895,0,Rear Wheel Drive,Towbar possible,750,5,25639
113,MASERATI,GranTurismo Folgore,83.0,480,2.7,325,420,198,920,198212,199250,179950,All Wheel Drive,Towbar not possible,0,4,224217
114,VOLVO,EX40 Single Motor ER,79.0,135,7.3,180,400,198,600,55490,51995,47705,Rear Wheel Drive,Towbar possible,1500,5,59440
115,TOYOTA,bZ4X AWD,64.0,181,6.9,160,315,203,470,57390,52995,52510,All Wheel Drive,Towbar possible,750,5,65427
116,BMW,iX2 xDrive30,64.7,160,5.6,180,380,170,510,56500,59350,57445,All Wheel Drive,Towbar possible,1200,5,71576
117,FORD,Explorer Extended Range AWD,79.0,131,5.3,180,430,184,690,53500,53950,53975,All Wheel Drive,Towbar possible,1200,5,67252
118,SKODA,Enyaq Coupe 85,77.0,109,6.7,180,480,160,720,51150,52990,46440,Rear Wheel Drive,Towbar possible,1000,5,57864
119,MG,ZS EV Standard Range,49.0,132,8.6,175,265,185,250,33990,35885,30495,Front Wheel Drive,Towbar possible,500,5,37996
120,FISKER,Ocean Extreme,106.5,132,3.9,205,490,217,580,63590,63590,57900,All Wheel Drive,Towbar possible,1820,5,72143
121,VOLKSWAGEN,ID.7 Tourer Pro,77.0,130,6.6,180,460,167,710,54795,58990,57000,Rear Wheel Drive,Towbar possible,1000,5,71022
122,RENAULT,Twingo Electric,21.3,207,12.6,135,135,158,0,28000,0,0,Rear Wheel Drive,Towbar not possible,0,4,29680
123,POLESTAR,4 Long Range Single Motor,94.0,133,7.4,180,495,190,670,63200,64800,59990,Rear Wheel Drive,Towbar possible,1500,5,74747
124,POLESTAR,4 Long Range Dual Motor,94.0,158,3.8,200,465,202,630,71200,72800,66990,All Wheel Drive,Towbar possible,2000,5,83469
125,FISKER,Ocean Ultra,106.5,115,4.2,200,510,209,610,58900,58990,50900,All Wheel Drive,Towbar possible,1820,5,63421
126,TESLA,Model X Plaid,95.0,271,2.7,262,455,209,630,115970,115993,120000,All Wheel Drive,Towbar possible,2250,7,149520
127,MG,MG4 Electric XPOWER,61.7,137,3.8,200,320,193,560,46990,42285,36495,All Wheel Drive,Towbar possible,500,5,45472
128,ALFA ROMEO,Junior Elettrica 54 kWh,50.8,127,9.0,150,315,161,500,39500,39000,36000,Front Wheel Drive,Towbar not possible,0,5,44856
129,OPEL,Mokka-e 50 kWh,46.3,154,9.2,150,260,178,420,40650,36999,36610,Front Wheel Drive,Towbar not possible,0,5,45616
130,KIA,EV9 99.8 kWh RWD,96.0,159,9.4,185,450,213,850,72490,67995,64995,Rear Wheel Drive,Towbar possible,900,7,80983
131,PEUGEOT,e-208 50 kWh,46.3,127,9.0,150,290,160,460,37475,35870,32650,Front Wheel Drive,Towbar not possible,0,5,40681
132,MERCEDES-BENZ,EQE 300,89.0,137,7.3,210,525,170,660,67187,69928,68810,Rear Wheel Drive,Towbar possible,750,5,85737
133,POLESTAR,2 Standard Range Single Motor,67.0,118,6.4,205,405,165,480,46275,44950,44950,Rear Wheel Drive,Towbar possible,1500,5,56007
134,VOLKSWAGEN,ID.7 Tourer GTX,86.0,142,6.0,180,480,179,770,65000,65000,65000,All Wheel Drive,Towbar possible,0,5,80990
135,POLESTAR,2 Long Range Dual Motor,79.0,125,4.5,205,450,176,670,52275,55200,52950,All Wheel Drive,Towbar possible,1500,5,65975
136,MASERATI,GranCabrio Folgore,83.0,530,2.8,290,395,210,870,206713,208250,185610,All Wheel Drive,Towbar not possible,0,4,231270
137,HYUNDAI,Kona Electric 48 kWh,48.4,138,8.8,160,295,164,280,41990,39995,34995,Front Wheel Drive,Towbar possible,300,5,43603
138,SMART,#3 Brabus,62.0,153,3.7,180,335,185,520,50990,50895,45000,All Wheel Drive,Towbar possible,1600,5,56070
139,PORSCHE,Macan Turbo Electric,95.0,239,3.3,260,480,198,960,114600,121000,95000,All Wheel Drive,Towbar possible,2000,5,118370
140,VOLKSWAGEN,ID.4 Pro 4MOTION,77.0,119,6.6,180,425,181,630,49020,51990,0,All Wheel Drive,Towbar possible,1200,5,29044
141,LANCIA,Ypsilon,48.1,131,8.5,150,305,158,470,40000,40000,0,Front Wheel Drive,Towbar not possible,0,5,22346
142,VOLKSWAGEN,ID.7 Tourer Pro S,86.0,126,7.0,180,505,170,810,61000,61000,60000,Rear Wheel Drive,Towbar possible,0,5,74760
143,FIAT,600e,50.8,121,9.0,150,305,167,490,36490,35990,32995,Front Wheel Drive,Towbar not possible,0,5,41111
144,NISSAN,Leaf e+,59.0,121,6.9,157,340,174,240,41100,0,0,Front Wheel Drive,Towbar not possible,0,5,43566
145,PEUGEOT,e-5008 73 kWh,73.0,143,9.0,170,370,197,430,52000,52000,48000,Front Wheel Drive,Towbar possible,1000,7,59808
146,MERCEDES-BENZ,EQB 350 4MATIC,66.5,187,6.2,160,345,193,500,58197,69728,56810,All Wheel Drive,Towbar possible,1700,7,70785
147,PORSCHE,Taycan Plus,97.0,193,4.8,230,560,173,1230,107224,113044,90954,Rear Wheel Drive,Towbar not possible,0,5,113328
148,VOLKSWAGEN,ID.5 Pro,77.0,118,6.7,180,455,169,680,48970,53990,50940,Rear Wheel Drive,Towbar possible,1000,5,63471
149,MERCEDES-BENZ,EQA 250+,70.5,129,8.6,160,420,168,500,52205,52546,49750,Front Wheel Drive,Towbar possible,1500,5,61988
150,FORD,Mustang Mach-E ER AWD,91.0,156,5.8,180,445,204,390,65900,66940,65405,All Wheel Drive,Towbar possible,1500,5,81494
151,AUDI,Q8 e-tron Sportback 55 quattro,106.0,168,5.6,200,525,202,660,87550,85385,80300,All Wheel Drive,Towbar possible,1800,5,100053
152,XPENG,G9 RWD Long Range,93.1,130,6.4,200,480,194,1120,61600,63188,0,Rear Wheel Drive,Towbar possible,1500,5,35300
153,RENAULT,5 E-Tech 40kWh 95hp,40.0,97,10.0,140,260,154,0,25000,25000,22000,Front Wheel Drive,Towbar possible,500,5,27412
154,GWM,ORA 3 48 kWh,45.4,146,8.3,160,260,175,240,38990,0,31995,Front Wheel Drive,Towbar not possible,0,5,39865
155,NIO,ET7 100 kWh,90.0,183,3.8,200,505,178,530,90900,93900,0,All Wheel Drive,Towbar possible,2000,5,52458
156,KIA,EV6 Standard Range 2WD,54.0,148,8.5,185,305,177,750,46990,43495,0,Rear Wheel Drive,Towbar possible,750,5,24298
157,SKODA,Enyaq 60,58.0,133,8.7,160,335,173,450,44200,44990,38970,Rear Wheel Drive,Towbar possible,1000,5,48556
158,ZEEKR,X Privilege AWD,64.0,143,3.8,180,345,186,580,50470,48490,0,All Wheel Drive,Towbar possible,1600,5,27089
159,PEUGEOT,e-2008 54 kWh,50.8,136,9.1,150,300,169,480,39450,41270,36350,Front Wheel Drive,Towbar not possible,0,5,45292
160,VOLKSWAGEN,ID.3 Pro S - 4 Seats,77.0,106,7.9,160,455,169,680,47595,47990,42870,Rear Wheel Drive,Towbar possible,0,4,53416
161,NIO,EL6 100 kWh,90.0,174,4.5,200,435,207,630,74500,76900,0,All Wheel Drive,Towbar possible,1200,5,42960
162,VOYAH,Free 106 kWh,100.0,154,4.4,200,480,208,360,0,74150,0,All Wheel Drive,Towbar possible,2000,5,41424
163,VOLKSWAGEN,ID. Buzz GTX,79.0,229,6.5,160,335,236,520,75000,75000,70000,All Wheel Drive,Towbar possible,1800,5,87220
164,DACIA,Spring Electric 65 Extreme,25.0,153,13.7,125,160,156,170,24550,0,0,Front Wheel Drive,Towbar not possible,0,4,26023
165,MERCEDES-BENZ,EQS 580 4MATIC,108.4,267,4.3,210,590,184,880,141705,173825,0,All Wheel Drive,Towbar possible,750,5,97109
166,LUCID,Air Touring,92.0,173,3.2,250,580,159,970,99000,102000,0,All Wheel Drive,Towbar not possible,0,5,56983
167,BMW,iX M60,105.2,286,3.8,250,485,217,650,136100,138383,122775,All Wheel Drive,Towbar possible,2500,5,152977
168,PORSCHE,Taycan,82.3,212,4.8,230,485,170,1070,101500,107000,86500,Rear Wheel Drive,Towbar not possible,0,5,107779
169,PORSCHE,Taycan Turbo GT,97.0,494,2.3,290,475,204,1050,240000,249900,186300,All Wheel Drive,Towbar not possible,0,5,232129
170,BMW,iX2 eDrive20,64.7,134,8.6,170,395,164,530,49400,49976,51615,Front Wheel Drive,Towbar possible,750,5,64312
171,OPEL,Corsa Electric 50 kWh,46.3,121,8.7,150,295,157,470,34650,34999,32445,Front Wheel Drive,Towbar not possible,0,5,40426
172,PEUGEOT,e-308,50.8,150,9.8,170,300,169,450,44765,42070,42025,Front Wheel Drive,Towbar not possible,0,5,52363
173,VOLKSWAGEN,ID.4 Pure,52.0,150,9.0,160,285,182,360,40335,44990,0,Rear Wheel Drive,Towbar possible,1000,5,25134
174,PEUGEOT,e-5008 98 kWh Long Range,98.0,125,9.7,170,490,200,640,60000,60000,55000,Front Wheel Drive,Towbar possible,0,7,68530
175,MG,Marvel R,70.0,125,7.9,200,365,192,400,46990,44485,0,Rear Wheel Drive,Towbar possible,750,5,24851
176,JAGUAR,I-Pace EV400,84.7,235,4.8,200,380,223,360,92400,95450,69995,All Wheel Drive,Towbar possible,750,5,87213
177,AUDI,Q8 e-tron 50 quattro,89.0,175,6.0,200,425,209,660,74400,71385,67800,All Wheel Drive,Towbar possible,1800,5,84478
178,VOLKSWAGEN,ID.4 GTX,77.0,140,5.4,180,420,183,630,53255,60990,53865,All Wheel Drive,Towbar possible,1200,5,67115
179,DACIA,Spring Electric 65,25.0,124,13.7,125,160,156,170,20000,20950,15995,Front Wheel Drive,Towbar not possible,0,4,19929
180,XPENG,G6 RWD Standard Range,66.0,120,6.9,200,375,176,750,45000,45000,0,Rear Wheel Drive,Towbar possible,0,5,25139
181,NISSAN,Ariya 63kWh,63.0,137,7.5,160,335,188,450,47490,44990,39645,Front Wheel Drive,Towbar possible,750,5,49397
182,VOLVO,EC40 Single Motor ER,79.0,137,7.3,180,420,188,630,57190,53495,54305,Rear Wheel Drive,Towbar possible,1500,5,67664
183,CUPRA,Born VZ,79.0,112,5.7,160,460,172,690,50000,50000,47000,Rear Wheel Drive,Towbar not possible,0,4,58562
184,VOLKSWAGEN,ID.3 GTX,79.0,112,6.0,180,460,172,690,50000,50000,47000,Rear Wheel Drive,Towbar not possible,0,4,58562
185,AUDI,Q4 e-tron 55 quattro,77.0,160,5.4,180,395,195,590,59000,64615,57125,All Wheel Drive,Towbar possible,1200,5,71177
186,PEUGEOT,e-208 51 kWh,48.1,123,8.2,150,310,155,480,40325,37170,32400,Front Wheel Drive,Towbar not possible,0,5,40370
187,VINFAST,VF 9 Extended Range,123.0,174,6.5,200,520,237,520,89790,91300,0,All Wheel Drive,Towbar not possible,0,7,51005
188,MERCEDES-BENZ,EQB 300 4MATIC,66.5,169,8.0,160,345,193,500,55519,61379,0,All Wheel Drive,Towbar possible,1700,7,34289
189,SKODA,Enyaq 85x,77.0,122,6.6,180,440,175,660,51150,0,48605,All Wheel Drive,Towbar possible,1000,5,60561
190,KIA,e-Soul 64 kWh,64.0,125,7.9,167,370,173,350,47450,0,39075,Front Wheel Drive,Towbar possible,0,5,48687
191,RENAULT,Kangoo E-Tech Electric,45.0,179,12.6,132,220,205,230,39300,0,0,Front Wheel Drive,Towbar possible,1500,5,41658
192,MASERATI,Grecale Folgore,95.0,313,4.1,220,400,238,440,124301,124600,109905,All Wheel Drive,Towbar possible,1800,5,136941
193,POLESTAR,3 Long Range Dual motor,107.0,177,5.0,210,490,218,640,85590,86950,75900,All Wheel Drive,Towbar possible,2200,5,94571
194,LOTUS,Eletre R,109.0,326,2.9,260,455,240,950,151990,154090,121305,All Wheel Drive,Towbar possible,2250,5,151146
195,NIO,EL7 100 kWh,90.0,224,3.9,200,430,209,450,94900,97900,0,All Wheel Drive,Towbar possible,2000,5,54692
196,CITROEN,e-C4 X,46.3,132,9.7,150,285,162,460,37540,38680,31995,Front Wheel Drive,Towbar not possible,0,5,39865
197,VOLVO,EX40 Single Motor,67.0,144,7.3,180,345,194,530,49990,45995,45955,Rear Wheel Drive,Towbar possible,1500,5,57259
198,XPENG,P7 Wing Edition,82.7,155,4.1,200,455,182,730,69600,71188,0,All Wheel Drive,Towbar not possible,0,5,39769
199,SKODA,Enyaq Coupe RS,77.0,139,5.5,180,455,169,680,63300,63690,54820,All Wheel Drive,Towbar possible,1200,5,68305
200,FORD,Mustang Mach-E SR RWD,72.6,141,7.3,180,380,191,460,55800,46300,50830,Rear Wheel Drive,Towbar possible,750,5,63334
201,AUDI,Q4 Sportback e-tron 45,77.0,132,6.7,180,435,177,650,54950,56915,52245,Rear Wheel Drive,Towbar possible,1000,5,65097
202,VOLVO,EX40 Twin Motor,79.0,164,4.8,180,385,205,570,59590,0,57805,All Wheel Drive,Towbar possible,1800,5,72025
203,SSANGYONG,Korando e-Motion,56.0,139,8.5,156,290,193,330,40490,39990,0,Front Wheel Drive,Towbar possible,1500,5,22340
204,SMART,#1 Pro,47.0,148,6.7,180,250,188,320,37490,0,31950,Rear Wheel Drive,Towbar not possible,0,5,39809
205,AUDI,SQ6 e-tron,94.9,225,4.3,230,445,213,890,93800,100000,92950,All Wheel Drive,Towbar possible,2400,5,115815
206,SERES,3,51.0,146,8.9,155,260,196,240,0,37995,0,Front Wheel Drive,Towbar not possible,0,5,21226
207,VOLVO,EX90 Twin Motor,107.0,209,5.9,180,465,230,610,91700,88995,96255,All Wheel Drive,Towbar possible,2200,7,119933
208,BMW,i7 eDrive50,101.7,227,5.5,205,520,196,780,115700,122463,100205,Rear Wheel Drive,Towbar not possible,0,5,124855
209,MINI,Cooper E,36.8,150,7.3,160,230,160,350,32900,35990,30000,Front Wheel Drive,Towbar not possible,0,4,37380
210,AUDI,Q4 e-tron 45 quattro,77.0,145,6.6,180,395,195,590,54950,56865,52175,All Wheel Drive,Towbar possible,1200,5,65010
211,OPEL,Corsa Electric 51 kWh,48.1,124,8.1,150,315,153,490,38045,37999,35475,Front Wheel Drive,Towbar not possible,0,5,44201
212,BMW,i5 eDrive40 Touring,81.2,170,6.1,193,455,178,730,72200,79622,69945,Rear Wheel Drive,Towbar possible,1500,5,87151
213,MERCEDES-BENZ,EQS 450 4MATIC,108.4,189,5.6,210,610,178,910,113359,116955,0,All Wheel Drive,Towbar possible,750,5,65338
214,HONGQI,E-HS9 84 kWh,76.5,219,6.5,200,320,239,440,0,69995,0,All Wheel Drive,Towbar possible,1500,5,39103
215,MG,Marvel R Performance,70.0,148,4.9,200,350,200,380,50990,52485,0,All Wheel Drive,Towbar possible,750,5,29321
216,RENAULT,Scenic E-Tech EV60 170hp,60.0,123,8.6,150,340,176,400,41400,42470,0,Front Wheel Drive,Towbar possible,1100,5,23726
217,RENAULT,Megane E-Tech EV60 130hp,60.0,114,10.5,150,380,158,530,47000,39370,0,Front Wheel Drive,Towbar possible,500,5,21994
218,SMART,#3 Premium,62.0,130,5.8,180,355,175,550,46490,46055,40000,Rear Wheel Drive,Towbar possible,1600,5,49840
219,FIAT,500e Hatchback 24 kWh,21.3,228,9.0,135,135,158,230,30990,28990,28195,Front Wheel Drive,Towbar not possible,0,4,35130
220,RENAULT,Megane E-Tech EV40 130hp,40.0,151,10.0,150,260,154,370,42000,36370,0,Front Wheel Drive,Towbar possible,500,5,20318
221,GENESIS,GV60 Premium,74.0,159,7.8,185,390,190,1020,0,0,53905,Rear Wheel Drive,Towbar possible,1600,5,67165
222,LOTUS,Emeya,100.0,206,4.2,250,530,189,1230,106400,109685,96255,All Wheel Drive,Towbar not possible,0,5,119933
223,OPEL,Astra Sports Tourer Electric,50.8,141,9.3,170,310,164,500,43490,41499,39995,Front Wheel Drive,Towbar possible,0,5,49833
224,XPENG,P7 RWD Long Range,82.7,102,6.7,200,495,167,800,49600,51188,0,Rear Wheel Drive,Towbar not possible,0,5,28596
225,MERCEDES-BENZ,EQS SUV 450+,118.0,219,6.8,210,540,219,680,110801,125425,0,Rear Wheel Drive,Towbar possible,750,7,70069
226,RENAULT,5 E-Tech 40kWh 120hp,40.0,107,9.0,140,260,154,340,28000,28000,24000,Front Wheel Drive,Towbar possible,500,5,29904
227,FORD,Mustang Mach-E GT,91.0,187,3.7,200,425,214,380,77300,75200,74540,All Wheel Drive,Towbar possible,750,5,92876
228,BMW,i7 M70 xDrive,101.7,381,3.7,250,490,208,730,181800,189877,163315,All Wheel Drive,Towbar not possible,0,5,203490
229,PEUGEOT,e-308 SW,50.8,151,10.0,150,300,169,450,45765,42570,41250,Front Wheel Drive,Towbar not possible,0,5,51397
230,XPENG,G6 AWD Performance,87.5,125,4.1,200,480,182,960,60000,60000,0,All Wheel Drive,Towbar possible,0,5,33519
231,MERCEDES-BENZ,EQS SUV Maybach 680,118.0,440,4.4,210,490,241,620,200634,216780,200000,All Wheel Drive,Towbar possible,1800,4,249200
232,PEUGEOT,e-2008 50 kWh,46.3,144,9.9,150,270,171,430,38600,39270,0,Front Wheel Drive,Towbar not possible,0,5,21938
233,NISSAN,Townstar EV Passenger,45.0,178,12.6,132,225,200,230,39990,0,0,Front Wheel Drive,Towbar possible,1500,5,42389
234,AUDI,SQ8 e-tron,106.0,225,4.5,210,455,233,570,95800,99135,97500,All Wheel Drive,Towbar possible,1800,5,121485
235,FORD,Explorer Standard Range RWD,52.0,155,9.0,160,280,186,350,42500,41450,39875,Rear Wheel Drive,Towbar possible,1000,5,49684
236,PORSCHE,Taycan Turbo GT Weissach,97.0,494,2.2,305,475,204,1050,240000,249900,186300,All Wheel Drive,Towbar not possible,0,2,232129
237,GWM,ORA 3 63 kWh,59.3,125,8.2,160,340,174,290,44490,0,34995,Front Wheel Drive,Towbar not possible,0,5,43603
238,MG,MG5 Electric Standard Range,46.0,135,7.7,185,265,174,320,35490,35885,0,Front Wheel Drive,Towbar possible,500,5,20047
239,MERCEDES-BENZ,EQS SUV 580 4MATIC,118.0,303,4.7,210,530,223,670,147923,173825,139470,All Wheel Drive,Towbar possible,1800,7,173779
240,LUCID,Air Pure RWD,92.0,153,4.7,200,565,163,940,85000,88000,0,All Wheel Drive,Towbar not possible,0,5,49162
241,VOLVO,EC40 Single Motor,67.0,152,7.3,180,360,186,560,52690,50495,52555,Rear Wheel Drive,Towbar possible,1500,5,65483
242,PORSCHE,Taycan 4S Plus,97.0,227,3.7,250,550,176,1210,126422,132631,100196,All Wheel Drive,Towbar not possible,0,5,124844
243,SKODA,Enyaq Coupe 85x,77.0,118,6.6,180,470,164,700,53400,0,50305,All Wheel Drive,Towbar possible,1200,5,62680
244,SMART,#3 Pro,47.0,147,5.9,180,265,177,340,38490,38395,35000,Rear Wheel Drive,Towbar not possible,0,5,43610
245,MINI,Countryman SE ALL4,64.7,138,5.6,180,370,175,500,49500,49490,47180,All Wheel Drive,Towbar possible,1200,5,58786
246,DS,3 E-Tense,50.8,137,9.0,150,300,169,480,40540,39640,37200,Front Wheel Drive,Towbar not possible,0,5,46351
247,VOLVO,EX90 Twin Motor Performance,107.0,230,4.9,180,450,238,590,96800,98495,100555,All Wheel Drive,Towbar possible,2200,7,125291
248,LEXUS,UX 300e,64.0,161,7.5,160,340,188,170,0,0,47495,Front Wheel Drive,Towbar not possible,0,5,59178
249,MERCEDES-BENZ,EQE SUV 350 4MATIC,90.6,217,6.6,210,435,208,550,89548,99089,0,All Wheel Drive,Towbar possible,1800,5,55357
250,POLESTAR,2 Long Range Performance,79.0,139,4.2,205,450,176,670,58775,61700,57950,All Wheel Drive,Towbar possible,1500,5,72205
251,XPENG,G9 AWD Performance,93.1,154,3.9,200,465,200,1080,69600,73188,0,All Wheel Drive,Towbar possible,1500,5,40887
252,BMW,i5 xDrive40 Sedan,81.2,171,5.4,215,455,178,730,75600,80227,0,All Wheel Drive,Towbar possible,2000,5,44819
253,NISSAN,Ariya e-4ORCE 87kWh - 225 kW,87.0,144,5.7,200,405,215,480,61990,54990,50845,All Wheel Drive,Towbar possible,1500,5,63352
254,CUPRA,Tavascan Endurance,77.0,122,6.8,180,450,171,670,52000,55000,50000,Rear Wheel Drive,Towbar not possible,0,5,62300
255,NIO,ET5 75 kWh,70.5,155,4.0,200,395,178,590,59500,62700,0,All Wheel Drive,Towbar possible,1400,5,35027
256,MERCEDES-BENZ,EQE 350 4MATIC,89.0,157,6.3,210,510,175,640,74149,86263,0,All Wheel Drive,Towbar possible,750,5,48191
257,AIWAYS,U5,60.0,131,7.5,150,315,190,380,39563,42950,0,Front Wheel Drive,Towbar not possible,0,5,23994
258,CITROEN,e-C4 X 54 kWh,50.8,125,9.3,150,330,154,470,41540,40755,0,Front Wheel Drive,Towbar not possible,0,5,22768
259,MERCEDES-BENZ,EQS AMG 53 4MATIC+,108.4,307,3.4,250,535,203,800,155009,173825,0,All Wheel Drive,Towbar possible,750,5,97109
260,FIAT,500e 3+1 42 kWh,37.3,154,9.0,150,235,159,390,36990,35490,0,Front Wheel Drive,Towbar not possible,0,4,19826
261,ABARTH,500e Hatchback,37.8,172,7.0,155,225,168,370,37990,38490,34195,Front Wheel Drive,Towbar not possible,0,4,42606
262,OPEL,Mokka-e 54 kWh,50.8,144,9.0,150,290,175,460,44720,37999,37260,Front Wheel Drive,Towbar not possible,0,5,46425
263,NIO,ET5 Touring 100 kWh,90.0,146,4.0,200,485,186,700,68500,72900,0,All Wheel Drive,Towbar possible,1400,5,40726
264,FISKER,Ocean Sport,71.0,124,7.4,160,350,203,470,43900,43990,36900,Front Wheel Drive,Towbar possible,1090,5,45977
265,AUDI,Q4 Sportback e-tron 55 quattro,77.0,157,5.4,180,415,186,620,61000,66665,58625,All Wheel Drive,Towbar possible,1200,5,73046
266,MERCEDES-BENZ,EQS SUV 450 4MATIC,118.0,247,6.1,210,530,223,670,114609,129660,129470,All Wheel Drive,Towbar possible,1800,7,161319
267,ZEEKR,X Long Range RWD,64.0,126,5.6,180,355,180,590,45970,43490,0,Rear Wheel Drive,Towbar possible,1600,5,24296
268,CUPRA,Born 170 kW - 58 kWh,58.0,121,6.6,160,345,168,460,40750,38989,39205,Rear Wheel Drive,Towbar not possible,0,5,48849
269,CITROEN,e-C4 54 kWh,50.8,123,9.2,150,330,154,470,41540,39905,0,Front Wheel Drive,Towbar not possible,0,5,22293
270,MERCEDES-BENZ,EQA 300 4MATIC,66.5,161,7.7,160,350,190,500,53520,58959,0,All Wheel Drive,Towbar possible,1800,5,32938
271,NISSAN,Ariya e-4ORCE 87kWh - 290 kW,87.0,168,5.1,200,405,215,480,71490,64990,0,All Wheel Drive,Towbar possible,1500,5,36307
272,GENESIS,G80 Electrified Luxury,82.5,170,4.9,225,440,188,880,69200,0,69805,All Wheel Drive,Towbar not possible,0,5,86977
273,MERCEDES-BENZ,EQE 350,89.0,157,6.4,210,515,173,650,70995,83238,77345,Rear Wheel Drive,Towbar possible,750,5,96371
274,VOLKSWAGEN,ID.5 GTX,77.0,142,5.5,180,430,179,640,56455,62990,55365,All Wheel Drive,Towbar possible,1200,5,68984
275,ZEEKR,001 Privilege AWD,94.0,139,3.8,200,495,190,670,68970,68490,0,All Wheel Drive,Towbar possible,2000,5,38262
276,VOLKSWAGEN,ID.3 GTX Performance,79.0,118,5.6,200,460,172,690,53000,53000,50000,Rear Wheel Drive,Towbar not possible,0,4,62300
277,LOTUS,Eletre S,109.0,255,4.5,250,480,227,1000,121990,124090,105805,All Wheel Drive,Towbar possible,2250,5,131833
278,VOLVO,EC40 Twin Motor,79.0,160,4.8,180,400,198,600,61290,0,57805,All Wheel Drive,Towbar possible,1800,5,72025
279,PEUGEOT,e-3008 73 kWh Dual Motor,73.0,136,6.4,180,380,192,440,50000,50000,48000,All Wheel Drive,Towbar possible,1350,5,59808
280,HONGQI,E-HS9 120 kWh,112.0,224,4.9,200,460,243,420,0,102995,0,All Wheel Drive,Towbar possible,1500,5,57539
281,GENESIS,GV70 Electrified Sport,74.0,203,4.2,235,350,211,860,67300,0,65105,All Wheel Drive,Towbar possible,1800,5,81120
282,MERCEDES-BENZ,EQE SUV 350+,96.0,188,6.9,210,475,202,660,86811,91950,0,Rear Wheel Drive,Towbar possible,750,5,51368
283,MERCEDES-BENZ,EQE AMG 43 4MATIC,90.6,240,4.2,210,450,201,670,104756,111068,0,All Wheel Drive,Towbar possible,750,5,62049
284,FORD,Mustang Mach-E SR AWD,72.6,170,6.2,180,350,207,430,0,59400,0,All Wheel Drive,Towbar possible,750,5,33184
285,MERCEDES-BENZ,EQS 500 4MATIC,108.4,229,4.8,210,590,184,880,125378,145390,0,All Wheel Drive,Towbar possible,750,5,81223
286,CITROEN,e-Berlingo XL 50 kWh,50.0,171,11.7,132,230,217,340,37940,43178,31890,Front Wheel Drive,Towbar possible,750,7,39734
287,MERCEDES-BENZ,EQE SUV 500 4MATIC,96.0,238,4.9,210,455,211,630,99841,116755,0,All Wheel Drive,Towbar possible,1800,5,65226
288,MERCEDES-BENZ,EQE AMG 53 4MATIC+,90.6,275,3.5,220,450,201,670,110706,128613,114750,All Wheel Drive,Towbar possible,750,5,142978
289,BMW,i5 M60 xDrive Touring,81.2,263,3.9,230,415,196,670,101500,110477,99995,All Wheel Drive,Towbar possible,2000,5,124593
290,MERCEDES-BENZ,EQA 350 4MATIC,66.5,178,6.0,160,350,190,500,56424,67308,54510,All Wheel Drive,Towbar possible,1800,5,67919
291,PORSCHE,Taycan 4S,82.3,251,3.7,250,475,173,1050,120900,126800,95900,All Wheel Drive,Towbar not possible,0,5,119491
292,AUDI,Q4 Sportback e-tron 45 quattro,77.0,143,6.6,180,415,186,620,56950,58915,53675,All Wheel Drive,Towbar possible,1200,5,66879
293,VOLKSWAGEN,ID. Buzz LWB GTX,86.0,225,6.5,160,355,242,570,78000,78000,73000,All Wheel Drive,Towbar possible,1600,7,90958
294,SMART,#3 Pro+,62.0,122,5.8,180,355,175,550,43490,43395,37000,Rear Wheel Drive,Towbar possible,1600,5,46102
295,E.GO,e.wave X,27.0,167,12.0,135,150,180,0,24990,0,0,Rear Wheel Drive,Towbar not possible,0,4,26489
296,LOTUS,Emeya S,100.0,241,4.2,250,530,189,1230,126950,130585,108755,All Wheel Drive,Towbar not possible,0,5,135508
297,POLESTAR,3 Long Range Performance,107.0,198,4.7,210,470,228,610,92190,93550,81500,All Wheel Drive,Towbar possible,2200,5,101549
298,FIAT,500e Cabrio 42 kWh,37.3,166,9.0,150,230,162,380,37990,37490,34195,Front Wheel Drive,Towbar not possible,0,4,42606
299,CITROEN,e-Berlingo M 50 kWh,50.0,162,11.7,132,235,213,350,36940,41358,30990,Front Wheel Drive,Towbar possible,750,5,38613
300,VOLVO,EC40 Twin Motor Performance,79.0,157,4.6,180,400,198,600,64390,60995,0,All Wheel Drive,Towbar possible,1800,5,34075
301,LOTUS,Emeya R,100.0,324,2.8,256,470,213,1090,150990,155025,131255,All Wheel Drive,Towbar not possible,0,5,163543
302,MERCEDES-BENZ,EQE 500 4MATIC,90.6,200,4.7,210,505,179,750,88215,113488,0,All Wheel Drive,Towbar possible,750,5,63401
303,PORSCHE,Taycan Turbo S,97.0,410,2.4,260,500,194,1100,209900,218900,161400,All Wheel Drive,Towbar not possible,0,5,201104
304,SMART,#1 Premium,62.0,134,6.7,180,335,185,520,44990,44895,38950,Rear Wheel Drive,Towbar possible,1600,5,48531
305,VOLVO,EX40 Twin Motor Performance,79.0,161,4.6,180,380,208,570,62890,59495,0,All Wheel Drive,Towbar possible,1800,5,33237
306,MERCEDES-BENZ,EQT 200 Standard,45.0,216,12.6,132,225,200,230,49445,47753,0,Front Wheel Drive,Towbar possible,1500,5,26677
307,MERCEDES-BENZ,EQE SUV 300,90.6,186,7.6,210,450,201,570,83479,83480,0,Rear Wheel Drive,Towbar possible,750,5,46636
308,VOLVO,EX90 Single Motor,101.0,182,8.4,180,460,220,600,83700,83495,0,Rear Wheel Drive,Towbar possible,1200,7,46645
309,PORSCHE,Taycan 4 Cross Turismo,97.0,227,4.7,220,505,192,1110,113100,119400,96800,All Wheel Drive,Towbar not possible,0,5,120612
310,AUDI,SQ8 e-tron Sportback,106.0,218,4.5,210,480,221,610,98050,101535,100000,All Wheel Drive,Towbar possible,1800,5,124600
311,MERCEDES-BENZ,EQE SUV AMG 53 4MATIC+,90.6,353,3.5,240,410,221,610,139438,149788,0,All Wheel Drive,Towbar possible,1800,5,83680
312,XPENG,P7 AWD Performance,82.7,130,4.1,200,460,180,740,58600,61188,0,All Wheel Drive,Towbar not possible,0,5,34183
313,SKODA,Enyaq RS,77.0,140,5.5,180,435,177,650,61050,0,53120,All Wheel Drive,Towbar possible,1200,5,66187
314,AUDI,Q8 e-tron Sportback 50 quattro,89.0,173,6.0,200,445,200,690,76650,73785,70300,All Wheel Drive,Towbar possible,1800,5,87593
315,VINFAST,VF 8 Eco Extended Range,87.7,126,5.9,200,425,206,550,52990,53900,0,All Wheel Drive,Towbar not possible,0,5,30111
316,BYD,DOLPHIN 44.9 kWh Boost,44.9,125,8.0,160,255,176,260,30000,32990,28500,Front Wheel Drive,Towbar not possible,0,5,35511
317,GWM,ORA 3 GT,59.3,152,8.2,160,325,182,280,49490,0,0,Front Wheel Drive,Towbar not possible,0,5,52459
318,MERCEDES-BENZ,EQS SUV 500 4MATIC,118.0,257,5.3,210,530,223,670,124545,148173,0,All Wheel Drive,Towbar possible,1800,7,82778
319,MERCEDES-BENZ,eVito Tourer Long 90 kWh,90.0,245,12.1,160,320,281,320,72043,84773,0,Front Wheel Drive,Towbar not possible,0,8,47359
320,MERCEDES-BENZ,EQE SUV AMG 43 4MATIC,90.6,308,4.3,210,415,218,620,124920,130791,0,All Wheel Drive,Towbar possible,1800,5,73067
321,PORSCHE,Taycan 4S Cross Turismo,97.0,247,3.8,240,505,192,1110,126400,132600,100400,All Wheel Drive,Towbar not possible,0,5,125098
322,PORSCHE,Taycan Turbo,97.0,329,2.7,260,520,187,1140,175600,183000,134100,All Wheel Drive,Towbar not possible,0,5,167088
323,GENESIS,GV60 Sport,74.0,171,5.5,200,380,195,990,63200,0,58365,All Wheel Drive,Towbar possible,1600,5,72722
324,SKODA,Enyaq Coupe 60,58.0,134,8.8,160,355,163,480,46850,47990,0,Rear Wheel Drive,Towbar possible,1000,5,26810
325,KIA,e-Soul 39.2 kWh,39.2,164,9.9,157,230,170,200,0,0,32875,Front Wheel Drive,Towbar not possible,0,5,40962
326,AIWAYS,U6,60.0,138,7.0,160,350,171,430,47588,48975,0,Front Wheel Drive,Towbar not possible,0,5,27360
327,ELARIS,BEO 86 kWh,81.0,136,8.0,150,390,208,290,53090,0,0,Front Wheel Drive,Towbar not possible,0,5,56275
328,PEUGEOT,e-5008 73 kWh Dual Motor,73.0,154,6.0,170,365,200,420,55000,55000,51000,All Wheel Drive,Towbar possible,0,7,63546
329,PORSCHE,Taycan Turbo S Cross Turismo,97.0,434,2.5,250,475,204,1050,211300,220400,162500,All Wheel Drive,Towbar not possible,0,5,202475
330,NIO,ET5 Touring 75 kWh,70.5,160,4.0,200,385,183,570,59500,63900,0,All Wheel Drive,Towbar possible,1400,5,35698
331,VOLKSWAGEN,ID. Buzz LWB Pro,77.0,210,7.9,160,335,230,460,70000,70000,62000,Rear Wheel Drive,Towbar possible,0,7,77252
332,PORSCHE,Taycan 4S Sport Turismo,82.3,280,3.7,250,430,191,950,121800,127800,96700,All Wheel Drive,Towbar not possible,0,5,120488
333,NIO,EL7 75 kWh,70.5,257,3.9,200,340,207,510,85900,88900,0,All Wheel Drive,Towbar possible,2000,5,49664
334,PORSCHE,Taycan Sport Turismo,82.3,233,4.8,230,445,185,980,102400,108100,87300,Rear Wheel Drive,Towbar not possible,0,5,108775
335,PORSCHE,Taycan Plus Sport Turismo,97.0,212,4.8,230,515,188,1130,108124,114144,91754,Rear Wheel Drive,Towbar not possible,0,5,114325
336,SMART,#1 Pulse,62.0,142,4.5,180,325,191,500,46490,46055,0,All Wheel Drive,Towbar possible,1600,5,25729
337,VINFAST,VF 8 Plus Extended Range,87.7,140,5.5,200,425,206,550,58890,59790,0,All Wheel Drive,Towbar not possible,0,5,33402
338,PORSCHE,Taycan Turbo S Sport Turismo,97.0,447,2.4,260,460,211,1010,210800,219900,162100,All Wheel Drive,Towbar not possible,0,5,201976
339,NIO,EL6 75 kWh,70.5,191,4.5,200,350,201,520,65500,67900,0,All Wheel Drive,Towbar possible,1200,5,37933
340,FIAT,500e Cabrio 24 kWh,21.3,250,9.0,135,135,158,230,35490,31990,0,Front Wheel Drive,Towbar not possible,0,4,17871
341,MERCEDES-BENZ,EQV 250 Extra-Long,60.0,363,12.0,160,210,286,200,76217,0,0,Front Wheel Drive,Towbar not possible,0,7,80790
342,GENESIS,GV60 Sport Plus,74.0,206,4.0,235,365,203,950,73100,0,67505,All Wheel Drive,Towbar possible,1600,5,84111
343,ABARTH,500e Convertible,37.8,186,7.0,155,225,168,370,40990,41490,37195,Front Wheel Drive,Towbar not possible,0,4,46344
344,PORSCHE,Taycan 4S Plus Sport Turismo,97.0,254,3.7,250,495,196,1090,127322,133631,100996,All Wheel Drive,Towbar not possible,0,5,125841
345,PORSCHE,Taycan Turbo Sport Turismo,97.0,366,2.7,260,470,206,1030,176600,184000,134800,All Wheel Drive,Towbar not possible,0,5,167960
346,FIAT,500e 3+1 24 kWh,21.3,230,9.0,135,135,158,230,0,30990,0,Front Wheel Drive,Towbar not possible,0,4,17312
347,PORSCHE,Taycan Turbo Cross Turismo,97.0,348,2.8,250,495,196,1090,177000,184500,135200,All Wheel Drive,Towbar not possible,0,5,168459
348,MERCEDES-BENZ,EQV 250 Long,60.0,350,12.0,160,215,279,200,75282,0,0,Front Wheel Drive,Towbar not possible,0,7,79798
349,MERCEDES-BENZ,eVito Tourer Long 60 kWh,60.0,311,12.0,160,220,273,210,68398,0,0,Front Wheel Drive,Towbar not possible,0,8,72501
350,MERCEDES-BENZ,eVito Tourer Extra-Long 60 kWh,60.0,322,12.0,160,215,279,200,69309,0,0,Front Wheel Drive,Towbar not possible,0,8,73467
351,KGM,Torres EVX,72.0,130,8.1,175,350,206,390,43990,41250,44495,Front Wheel Drive,Towbar possible,1500,5,55440
352,MINI,Aceman E,38.5,163,7.9,160,230,167,370,37000,38990,31800,Front Wheel Drive,Towbar not possible,0,5,39622
353,MINI,Aceman SE,49.8,137,7.1,170,300,166,430,40000,42000,36000,Front Wheel Drive,Towbar not possible,0,5,44856
